Sigma,Fault,Seed,Recovery_min,InRange_%,Settling_min,Settled_4h
1,4,101,11.999999999999957,62.5,,0
2,4,101,9.000000000000021,90.0,9.000000000000021,1
3,4,101,9.000000000000021,92.5,9.000000000000021,1
1,4,102,15.0,57.49999999999999,,0
2,4,102,11.999999999999957,82.5,78.00000000000004,1
3,4,102,9.000000000000021,95.0,9.000000000000021,1
1,4,103,11.999999999999957,65.0,,0
2,4,103,5.999999999999979,90.0,33.00000000000004,1
3,4,103,5.999999999999979,95.0,11.999999999999957,1
1,4,104,15.0,55.00000000000001,101.99999999999996,1
2,4,104,15.0,85.0,15.0,1
3,4,104,5.999999999999979,95.0,11.999999999999957,1
1,4,105,15.0,50.0,,0
2,4,105,5.999999999999979,92.5,15.0,1
3,4,105,5.999999999999979,97.5,5.999999999999979,1
1,4,106,11.999999999999957,75.0,86.99999999999996,1
2,4,106,11.999999999999957,90.0,11.999999999999957,1
3,4,106,5.999999999999979,97.5,5.999999999999979,1
1,4,107,15.0,52.5,,0
2,4,107,11.999999999999957,92.5,11.999999999999957,1
3,4,107,5.999999999999979,97.5,5.999999999999979,1
1,4,108,20.99999999999998,52.5,,0
2,4,108,5.999999999999979,92.5,50.99999999999998,1
3,4,108,5.999999999999979,97.5,5.999999999999979,1
1,4,109,5.999999999999979,72.5,41.99999999999996,1
2,4,109,5.999999999999979,92.5,39.00000000000002,1
3,4,109,5.999999999999979,97.5,5.999999999999979,1
1,4,110,15.0,72.5,,0
2,4,110,9.000000000000021,95.0,9.000000000000021,1
3,4,110,5.999999999999979,97.5,5.999999999999979,1
1,4,111,5.999999999999979,52.5,,0
2,4,111,5.999999999999979,95.0,5.999999999999979,1
3,4,111,5.999999999999979,97.5,5.999999999999979,1
1,4,112,11.999999999999957,75.0,11.999999999999957,1
2,4,112,5.999999999999979,92.5,11.999999999999957,1
3,4,112,5.999999999999979,95.0,11.999999999999957,1
1,4,113,20.99999999999998,62.5,60.0,1
2,4,113,5.999999999999979,85.0,48.00000000000004,1
3,4,113,5.999999999999979,95.0,11.999999999999957,1
1,4,114,18.000000000000043,60.0,,0
2,4,114,9.000000000000021,87.5,75.0,1
3,4,114,9.000000000000021,95.0,9.000000000000021,1
1,4,115,11.999999999999957,65.0,,0
2,4,115,9.000000000000021,87.5,9.000000000000021,1
3,4,115,9.000000000000021,95.0,9.000000000000021,1
1,4,116,15.0,62.5,123.00000000000004,1
2,4,116,15.0,82.5,45.0,1
3,4,116,9.000000000000021,95.0,9.000000000000021,1
1,4,117,15.0,55.00000000000001,,0
2,4,117,5.999999999999979,90.0,33.00000000000004,1
3,4,117,5.999999999999979,97.5,5.999999999999979,1
1,4,118,11.999999999999957,52.5,,0
2,4,118,5.999999999999979,92.5,11.999999999999957,1
3,4,118,5.999999999999979,97.5,5.999999999999979,1
1,4,119,33.00000000000004,47.5,,0
2,4,119,15.0,72.5,54.00000000000002,1
3,4,119,11.999999999999957,90.0,26.999999999999957,1
1,4,120,5.999999999999979,60.0,54.00000000000002,1
2,4,120,5.999999999999979,82.5,50.99999999999998,1
3,4,120,5.999999999999979,97.5,5.999999999999979,1
1,4,121,11.999999999999957,70.0,69.00000000000003,1
2,4,121,11.999999999999957,90.0,11.999999999999957,1
3,4,121,5.999999999999979,97.5,5.999999999999979,1
1,4,122,5.999999999999979,67.5,,0
2,4,122,5.999999999999979,85.0,63.00000000000004,1
3,4,122,5.999999999999979,92.5,5.999999999999979,1
1,4,123,18.000000000000043,35.0,,0
2,4,123,5.999999999999979,90.0,33.00000000000004,1
3,4,123,5.999999999999979,95.0,11.999999999999957,1
1,4,124,18.000000000000043,62.5,,0
2,4,124,15.0,87.5,33.00000000000004,1
3,4,124,9.000000000000021,95.0,9.000000000000021,1
1,4,125,5.999999999999979,57.49999999999999,125.99999999999997,1
2,4,125,5.999999999999979,82.5,80.99999999999997,1
3,4,125,5.999999999999979,97.5,5.999999999999979,1
1,4,126,15.0,65.0,135.0,1
2,4,126,11.999999999999957,90.0,39.00000000000002,1
3,4,126,5.999999999999979,97.5,5.999999999999979,1
1,4,127,9.000000000000021,50.0,,0
2,4,127,5.999999999999979,90.0,71.99999999999996,1
3,4,127,5.999999999999979,97.5,5.999999999999979,1
1,4,128,5.999999999999979,65.0,123.00000000000004,1
2,4,128,5.999999999999979,97.5,5.999999999999979,1
3,4,128,5.999999999999979,97.5,5.999999999999979,1
1,4,129,5.999999999999979,52.5,116.99999999999996,1
2,4,129,5.999999999999979,90.0,56.99999999999996,1
3,4,129,5.999999999999979,95.0,11.999999999999957,1
1,4,130,15.0,70.0,,0
2,4,130,11.999999999999957,92.5,11.999999999999957,1
3,4,130,5.999999999999979,97.5,5.999999999999979,1
1,14,101,125.99999999999997,2.5,,0
2,14,101,63.00000000000004,7.5,,0
3,14,101,15.0,10.0,,0
1,14,102,54.00000000000002,7.5,,0
2,14,102,54.00000000000002,7.5,,0
3,14,102,54.00000000000002,10.0,,0
1,14,103,129.00000000000003,0.0,,0
2,14,103,35.99999999999998,10.0,,0
3,14,103,11.999999999999957,15.0,,0
1,14,104,50.99999999999998,5.0,,0
2,14,104,5.999999999999979,15.0,,0
3,14,104,5.999999999999979,17.5,,0
1,14,105,20.99999999999998,2.5,,0
2,14,105,18.000000000000043,7.5,,0
3,14,105,3.0000000000000426,12.5,,0
1,14,106,110.99999999999997,5.0,,0
2,14,106,41.99999999999996,10.0,,0
3,14,106,9.000000000000021,12.5,,0
1,14,107,33.00000000000004,2.5,,0
2,14,107,33.00000000000004,7.5,,0
3,14,107,3.0000000000000426,15.0,,0
1,14,108,3.0000000000000426,10.0,,0
2,14,108,3.0000000000000426,17.5,,0
3,14,108,3.0000000000000426,20.0,,0
1,14,109,11.999999999999957,10.0,,0
2,14,109,11.999999999999957,10.0,,0
3,14,109,11.999999999999957,15.0,,0
1,14,110,15.0,5.0,,0
2,14,110,15.0,7.5,,0
3,14,110,15.0,10.0,,0
1,14,111,65.99999999999997,5.0,,0
2,14,111,65.99999999999997,7.5,,0
3,14,111,65.99999999999997,7.5,,0
1,14,112,11.999999999999957,10.0,,0
2,14,112,11.999999999999957,12.5,,0
3,14,112,3.0000000000000426,15.0,,0
1,14,113,3.0000000000000426,10.0,,0
2,14,113,3.0000000000000426,15.0,,0
3,14,113,3.0000000000000426,22.5,,0
1,14,114,153.00000000000006,0.0,,0
2,14,114,24.00000000000002,7.5,,0
3,14,114,5.999999999999979,12.5,,0
1,14,115,80.99999999999997,2.5,,0
2,14,115,80.99999999999997,5.0,,0
3,14,115,80.99999999999997,5.0,,0
1,14,116,39.00000000000002,5.0,,0
2,14,116,39.00000000000002,7.5,,0
3,14,116,39.00000000000002,10.0,,0
1,14,117,183.00000000000006,0.0,,0
2,14,117,20.99999999999998,5.0,,0
3,14,117,20.99999999999998,10.0,,0
1,14,118,5.999999999999979,7.5,,0
2,14,118,5.999999999999979,12.5,,0
3,14,118,3.0000000000000426,20.0,,0
1,14,119,3.0000000000000426,2.5,,0
2,14,119,3.0000000000000426,12.5,,0
3,14,119,3.0000000000000426,15.0,,0
1,14,120,5.999999999999979,5.0,,0
2,14,120,5.999999999999979,10.0,,0
3,14,120,3.0000000000000426,17.5,,0
1,14,121,15.0,10.0,,0
2,14,121,15.0,10.0,,0
3,14,121,15.0,12.5,,0
1,14,122,225.0,2.5,,0
2,14,122,3.0000000000000426,10.0,,0
3,14,122,3.0000000000000426,12.5,,0
1,14,123,24.00000000000002,2.5,,0
2,14,123,24.00000000000002,5.0,,0
3,14,123,24.00000000000002,10.0,,0
1,14,124,69.00000000000003,5.0,,0
2,14,124,69.00000000000003,7.5,,0
3,14,124,3.0000000000000426,20.0,,0
1,14,125,78.00000000000004,5.0,,0
2,14,125,78.00000000000004,7.5,,0
3,14,125,3.0000000000000426,15.0,,0
1,14,126,125.99999999999997,2.5,,0
2,14,126,63.00000000000004,7.5,,0
3,14,126,3.0000000000000426,12.5,,0
1,14,127,155.99999999999997,0.0,,0
2,14,127,93.00000000000004,5.0,,0
3,14,127,3.0000000000000426,12.5,,0
1,14,128,63.00000000000004,5.0,,0
2,14,128,5.999999999999979,10.0,,0
3,14,128,5.999999999999979,10.0,,0
1,14,129,3.0000000000000426,10.0,,0
2,14,129,3.0000000000000426,15.0,,0
3,14,129,3.0000000000000426,15.0,,0
1,14,130,24.00000000000002,5.0,,0
2,14,130,3.0000000000000426,12.5,,0
3,14,130,3.0000000000000426,12.5,,0
